Title,Category,Stat,DP ALLOCATION,Cost,# Ranks,Ranks Value,Stat Value,Talent,Special,Total,Modified
Traits,Endurance,co / sd,50,2,27,77,21,0,,98,98
Traits,Power Points,sd / co,100,2,50,100,21,0,,121,121
Traits,General Knowledge,re / in,40,2,20,70,25,0,,95,95
Traits,RR Will,sd / sd,38,2,20,70,38,0,10,118,118
Traits,RR stam,co / sd,80,2,41,91,21,0,,112,112
Traits,RR Magic,in / sd,20,2,11,52,30,0,,82,82
General,Animals,sd,2,2,2,10,19,0,,29,29
General,Athletic Nimble,ag,4,4,1,5,2,0,,7,7
General,Athletic Stamina,st,4,4,1,5,1,0,,6,6
General,Awareness,in,36,4,10,50,11,0,,61,61
General,Combat Styles,ag,,4,0,-25,2,0,,-23,-23
General,Communication reactive,pr,3,3,2,10,7,0,,17,17
General,Communication structured,pr,6,3,4,20,7,0,,27,27
General,Crafts Fine,re,3,3,1,5,14,0,,19,19
General,Crafts Gross,sd,,2,0,-25,19,0,,-6,-6
General,Crafting Lores,re,3,3,1,5,14,0,,19,19
General,Engenieering,re,,3,0,-25,14,0,,-11,-11
General,Flora & Fauna,in,4,4,1,5,11,0,,16,16
General,Magic Lore,in,20,4,5,25,11,0,,36,36
General,Medicine,in,8,4,2,10,11,0,,21,21
General,Ourtdoors Technical,re,,3,0,-25,14,0,,-11,-11
General,Outdoors Natural,in,4,4,1,5,11,0,,16,16
General,Performing,pr,,3,0,-25,7,0,,-18,-18
General,Power Sensibility,in,20,4,5,25,11,0,,36,36
General,Science Analytic,re,3,3,2,10,14,0,,24,24
General,Socio Economics,re,3,3,3,15,14,0,,29,29
General,Social Sciences,re,12,3,5,25,14,0,,39,39
General,Subterfuge Active,sd,6,2,3,15,19,0,,34,34
General,Subterfuge Passive,in,,4,0,-25,11,0,,-14,-14
General,Technical/Trained,sd,,2,0,-25,19,0,,-6,-6
General,Urban,in,4,4,1,5,11,0,,16,16
General,Warfare,re,3,3,1,5,14,0,,19,19
Weapons,Chains,ag,,4,0,-25,2,0,,-23,-23
Weapons,Crush & Cleave,st,,4,0,-25,1,0,,-24,-24
Weapons,Swords,st,48,4,12,32,1,0,,33,33
Weapons,Misile,ag,,4,0,-25,2,0,,-23,-23
Weapons,Misile Powder,ag,,4,0,-25,2,0,,-23,-23
Weapons,Polearms,ag,,4,0,-25,2,0,,-23,-23
Weapons,Thrown,ag,,4,0,-25,2,0,,-23,-23
Weapons,Thrust,ag,,4,0,-25,2,0,,-23,-23
Weapons,Slings,ag,,4,0,-25,2,0,,-23,-23
Spell Casting,Circles,in,,4,0,-25,11,0,,-14,-14
Spell Casting,Weaving,in,,4,0,-25,11,0,,-14,-14
Spell Casting,Runes,in,,4,0,-25,11,0,,-14,-14
Spell Casting,Crafting,sd,,2,0,-25,19,0,,-6,-6
Spell Casting,Chanelling,sd,,2,0,-25,19,0,,-6,-6
Spell Casting,Emotions,sd,20,2,10,50,19,0,,69,69
