[
    {
      "Title": "Traits",
      "Category": "Endurance",
      "Stat": "co / sd",
      "DP_ALLOCATION": 50,
      "Cost": 2,
      "#Ranks": 27,
      "RanksValue": 77,
      "StatValue": 21,
      "Talent": 0,
      "Special": null,
      "Total": 98,
      "Modified": 98
    },
    {
      "Title": "Traits",
      "Category": "Power Points",
      "Stat": "sd / co",
      "DP_ALLOCATION": 100,
      "Cost": 2,
      "#Ranks": 50,
      "RanksValue": 100,
      "StatValue": 21,
      "Talent": 0,
      "Special": null,
      "Total": 121,
      "Modified": 121
    },
    {
      "Title": "Traits",
      "Category": "General Knowledge",
      "Stat": "re / in",
      "DP_ALLOCATION": 40,
      "Cost": 2,
      "#Ranks": 20,
      "RanksValue": 70,
      "StatValue": 25,
      "Talent": 0,
      "Special": null,
      "Total": 95,
      "Modified": 95
    },
    {
      "Title": "Traits",
      "Category": "RR Will",
      "Stat": "sd / sd",
      "DP_ALLOCATION": 38,
      "Cost": 2,
      "#Ranks": 20,
      "RanksValue": 70,
      "StatValue": 38,
      "Talent": 0,
      "Special": 10,
      "Total": 118,
      "Modified": 118
    },
    {
      "Title": "Traits",
      "Category": "RR stam",
      "Stat": "co / sd",
      "DP_ALLOCATION": 80,
      "Cost": 2,
      "#Ranks": 41,
      "RanksValue": 91,
      "StatValue": 21,
      "Talent": 0,
      "Special": null,
      "Total": 112,
      "Modified": 112
    },
    {
      "Title": "Traits",
      "Category": "RR Magic",
      "Stat": "in / sd",
      "DP_ALLOCATION": 20,
      "Cost": 2,
      "#Ranks": 11,
      "RanksValue": 52,
      "StatValue": 30,
      "Talent": 0,
      "Special": null,
      "Total": 82,
      "Modified": 82
    },
    {
      "Title": "General",
      "Category": "Animals",
      "Stat": "sd",
      "DP_ALLOCATION": 2,
      "Cost": 2,
      "#Ranks": 2,
      "RanksValue": 10,
      "StatValue": 19,
      "Talent": 0,
      "Special": null,
      "Total": 29,
      "Modified": 29
    },
    {
      "Title": "General",
      "Category": "Athletic Nimble",
      "Stat": "ag",
      "DP_ALLOCATION": 4,
      "Cost": 4,
      "#Ranks": 1,
      "RanksValue": 5,
      "StatValue": 2,
      "Talent": 0,
      "Special": null,
      "Total": 7,
      "Modified": 7
    },
    {
      "Title": "General",
      "Category": "Athletic Stamina",
      "Stat": "st",
      "DP_ALLOCATION": 4,
      "Cost": 4,
      "#Ranks": 1,
      "RanksValue": 5,
      "StatValue": 1,
      "Talent": 0,
      "Special": null,
      "Total": 6,
      "Modified": 6
    },
    {
      "Title": "General",
      "Category": "Awareness",
      "Stat": "in",
      "DP_ALLOCATION": 36,
      "Cost": 4,
      "#Ranks": 10,
      "RanksValue": 50,
      "StatValue": 11,
      "Talent": 0,
      "Special": null,
      "Total": 61,
      "Modified": 61
    },
    {
      "Title": "General",
      "Category": "Combat Styles",
      "Stat": "ag",
      "DP_ALLOCATION": null,
      "Cost": 4,
      "#Ranks": 0,
      "RanksValue": -25,
      "StatValue": 2,
      "Talent": 0,
      "Special": null,
      "Total": -23,
      "Modified": -23
    },
    {
      "Title": "General",
      "Category": "Communication reactive",
      "Stat": "pr",
      "DP_ALLOCATION": 3,
      "Cost": 3,
      "#Ranks": 2,
      "RanksValue": 10,
      "StatValue": 7,
      "Talent": 0,
      "Special": null,
      "Total": 17,
      "Modified": 17
    },
    {
      "Title": "General",
      "Category": "Communication structured",
      "Stat": "pr",
      "DP_ALLOCATION": 6,
      "Cost": 3,
      "#Ranks": 4,
      "RanksValue": 20,
      "StatValue": 7,
      "Talent": 0,
      "Special": null,
      "Total": 27,
      "Modified": 27
    },
    {
      "Title": "General",
      "Category": "Crafts Fine",
      "Stat": "re",
      "DP_ALLOCATION": 3,
      "Cost": 3,
      "#Ranks": 1,
      "RanksValue": 5,
      "StatValue": 14,
      "Talent": 0,
      "Special": null,
      "Total": 19,
      "Modified": 19
    },
    {
      "Title": "General",
      "Category": "Crafts Gross",
      "Stat": "sd",
      "DP_ALLOCATION": null,
      "Cost": 2,
      "#Ranks": 0,
      "RanksValue": -25,
      "StatValue": 19,
      "Talent": 0,
      "Special": null,
      "Total": -6,
      "Modified": -6
    },
    {
      "Title": "General",
      "Category": "Crafting Lores",
      "Stat": "re",
      "DP_ALLOCATION": 3,
      "Cost": 3,
      "#Ranks": 1,
      "RanksValue": 5,
      "StatValue": 14,
      "Talent": 0,
      "Special": null,
      "Total": 19,
      "Modified": 19
    },
    {
      "Title": "General",
      "Category": "Engenieering",
      "Stat": "re",
      "DP_ALLOCATION": null,
      "Cost": 3,
      "#Ranks": 0,
      "RanksValue": -25,
      "StatValue": 14,
      "Talent": 0,
      "Special": null,
      "Total": -11,
      "Modified": -11
    },
    {
      "Title": "General",
      "Category": "Flora & Fauna",
      "Stat": "in",
      "DP_ALLOCATION": 4,
      "Cost": 4,
      "#Ranks": 1,
      "RanksValue": 5,
      "StatValue": 11,
      "Talent": 0,
      "Special": null,
      "Total": 16,
      "Modified": 16
    },
    {
      "Title": "General",
      "Category": "Magic Lore",
      "Stat": "in",
      "DP_ALLOCATION": 20,
      "Cost": 4,
      "#Ranks": 5,
      "RanksValue": 25,
      "StatValue": 11,
      "Talent": 0,
      "Special": null,
      "Total": 36,
      "Modified": 36
    },
    {
      "Title": "General",
      "Category": "Medicine",
      "Stat": "in",
      "DP_ALLOCATION": 8,
      "Cost": 4,
      "#Ranks": 2,
      "RanksValue": 10,
      "StatValue": 11,
      "Talent": 0,
      "Special": null,
      "Total": 21,
      "Modified": 21
    },
    {
      "Title": "General",
      "Category": "Ourtdoors Technical",
      "Stat": "re",
      "DP_ALLOCATION": null,
      "Cost": 3,
      "#Ranks": 0,
      "RanksValue": -25,
      "StatValue": 14,
      "Talent": 0,
      "Special": null,
      "Total": -11,
      "Modified": -11
    },
    {
      "Title": "General",
      "Category": "Outdoors Natural",
      "Stat": "in",
      "DP_ALLOCATION": 4,
      "Cost": 4,
      "#Ranks": 1,
      "RanksValue": 5,
      "StatValue": 11,
      "Talent": 0,
      "Special": null,
      "Total": 16,
      "Modified": 16
    },
    {
      "Title": "General",
      "Category": "Performing",
      "Stat": "pr",
      "DP_ALLOCATION": null,
      "Cost": 3,
      "#Ranks": 0,
      "RanksValue": -25,
      "StatValue": 7,
      "Talent": 0,
      "Special": null,
      "Total": -18,
      "Modified": -18
    },
    {
      "Title": "General",
      "Category": "Power Sensibility",
      "Stat": "in",
      "DP_ALLOCATION": 20,
      "Cost": 4,
      "#Ranks": 5,
      "RanksValue": 25,
      "StatValue": 11,
      "Talent": 0,
      "Special": null,
      "Total": 36,
      "Modified": 36
    },
    {
      "Title": "General",
      "Category": "Science Analytic",
      "Stat": "re",
      "DP_ALLOCATION": 3,
      "Cost": 3,
      "#Ranks": 2,
      "RanksValue": 10,
      "StatValue": 14,
      "Talent": 0,
      "Special": null,
      "Total": 24,
      "Modified": 24
    },
    {
      "Title": "General",
      "Category": "Socio Economics",
      "Stat": "re",
      "DP_ALLOCATION": 3,
      "Cost": 3,
      "#Ranks": 3,
      "RanksValue": 15,
      "StatValue": 14,
      "Talent": 0,
      "Special": null,
      "Total": 29,
      "Modified": 29
    },
    {
      "Title": "General",
      "Category": "Social Sciences",
      "Stat": "re",
      "DP_ALLOCATION": 12,
      "Cost": 3,
      "#Ranks": 5,
      "RanksValue": 25,
      "StatValue": 14,
      "Talent": 0,
      "Special": null,
      "Total": 39,
      "Modified": 39
    },
    {
      "Title": "General",
      "Category": "Subterfuge Active",
      "Stat": "sd",
      "DP_ALLOCATION": 6,
      "Cost": 2,
      "#Ranks": 3,
      "RanksValue": 15,
      "StatValue": 19,
      "Talent": 0,
      "Special": null,
      "Total": 34,
      "Modified": 34
    },
    {
      "Title": "General",
      "Category": "Subterfuge Passive",
      "Stat": "in",
      "DP_ALLOCATION": null,
      "Cost": 4,
      "#Ranks": 0,
      "RanksValue": -25,
      "StatValue": 11,
      "Talent": 0,
      "Special": null,
      "Total": -14,
      "Modified": -14
    },
    {
      "Title": "General",
      "Category": "Technical/Trained",
      "Stat": "sd",
      "DP_ALLOCATION": null,
      "Cost": 2,
      "#Ranks": 0,
      "RanksValue": -25,
      "StatValue": 19,
      "Talent": 0,
      "Special": null,
      "Total": -6,
      "Modified": -6
    },
    {
      "Title": "General",
      "Category": "Urban",
      "Stat": "in",
      "DP_ALLOCATION": 4,
      "Cost": 4,
      "#Ranks": 1,
      "RanksValue": 5,
      "StatValue": 11,
      "Talent": 0,
      "Special": null,
      "Total": 16,
      "Modified": 16
    },
    {
      "Title": "General",
      "Category": "Warfare",
      "Stat": "re",
      "DP_ALLOCATION": 3,
      "Cost": 3,
      "#Ranks": 1,
      "RanksValue": 5,
      "StatValue": 14,
      "Talent": 0,
      "Special": null,
      "Total": 19,
      "Modified": 19
    },
    {
      "Title": "Weapons",
      "Category": "Chains",
      "Stat": "ag",
      "DP_ALLOCATION": null,
      "Cost": 4,
      "#Ranks": 0,
      "RanksValue": -25,
      "StatValue": 2,
      "Talent": 0,
      "Special": null,
      "Total": -23,
      "Modified": -23
    },
    {
      "Title": "Weapons",
      "Category": "Crush & Cleave",
      "Stat": "st",
      "DP_ALLOCATION": null,
      "Cost": 4,
      "#Ranks": 0,
      "RanksValue": -25,
      "StatValue": 1,
      "Talent": 0,
      "Special": null,
      "Total": -24,
      "Modified": -24
    },
    {
      "Title": "Weapons",
      "Category": "Swords",
      "Stat": "st",
      "DP_ALLOCATION": 48,
      "Cost": 4,
      "#Ranks": 12,
      "RanksValue": 32,
      "StatValue": 1,
      "Talent": 0,
      "Special": null,
      "Total": 33,
      "Modified": 33
    },
    {
      "Title": "Weapons",
      "Category": "Misile",
      "Stat": "ag",
      "DP_ALLOCATION": null,
      "Cost": 4,
      "#Ranks": 0,
      "RanksValue": -25,
      "StatValue": 2,
      "Talent": 0,
      "Special": null,
      "Total": -23,
      "Modified": -23
    },
    {
      "Title": "Weapons",
      "Category": "Misile Powder",
      "Stat": "ag",
      "DP_ALLOCATION": null,
      "Cost": 4,
      "#Ranks": 0,
      "RanksValue": -25,
      "StatValue": 2,
      "Talent": 0,
      "Special": null,
      "Total": -23,
      "Modified": -23
    },
    {
      "Title": "Weapons",
      "Category": "Polearms",
      "Stat": "ag",
      "DP_ALLOCATION": null,
      "Cost": 4,
      "#Ranks": 0,
      "RanksValue": -25,
      "StatValue": 2,
      "Talent": 0,
      "Special": null,
      "Total": -23,
      "Modified": -23
    },
    {
      "Title": "Weapons",
      "Category": "Thrown",
      "Stat": "ag",
      "DP_ALLOCATION": null,
      "Cost": 4,
      "#Ranks": 0,
      "RanksValue": -25,
      "StatValue": 2,
      "Talent": 0,
      "Special": null,
      "Total": -23,
      "Modified": -23
    },
    {
      "Title": "Weapons",
      "Category": "Thrust",
      "Stat": "ag",
      "DP_ALLOCATION": null,
      "Cost": 4,
      "#Ranks": 0,
      "RanksValue": -25,
      "StatValue": 2,
      "Talent": 0,
      "Special": null,
      "Total": -23,
      "Modified": -23
    },
    {
      "Title": "Weapons",
      "Category": "Slings",
      "Stat": "ag",
      "DP_ALLOCATION": null,
      "Cost": 4,
      "#Ranks": 0,
      "RanksValue": -25,
      "StatValue": 2,
      "Talent": 0,
      "Special": null,
      "Total": -23,
      "Modified": -23
    },
    {
      "Title": "Spell Casting",
      "Category": "Circles",
      "Stat": "in",
      "DP_ALLOCATION": null,
      "Cost": 4,
      "#Ranks": 0,
      "RanksValue": -25,
      "StatValue": 11,
      "Talent": 0,
      "Special": null,
      "Total": -14,
      "Modified": -14
    },
    {
      "Title": "Spell Casting",
      "Category": "Weaving",
      "Stat": "in",
      "DP_ALLOCATION": null,
      "Cost": 4,
      "#Ranks": 0,
      "RanksValue": -25,
      "StatValue": 11,
      "Talent": 0,
      "Special": null,
      "Total": -14,
      "Modified": -14
    },
    {
      "Title": "Spell Casting",
      "Category": "Runes",
      "Stat": "in",
      "DP_ALLOCATION": null,
      "Cost": 4,
      "#Ranks": 0,
      "RanksValue": -25,
      "StatValue": 11,
      "Talent": 0,
      "Special": null,
      "Total": -14,
      "Modified": -14
    },
    {
      "Title": "Spell Casting",
      "Category": "Crafting",
      "Stat": "sd",
      "DP_ALLOCATION": null,
      "Cost": 2,
      "#Ranks": 0,
      "RanksValue": -25,
      "StatValue": 19,
      "Talent": 0,
      "Special": null,
      "Total": -6,
      "Modified": -6
    },
    {
      "Title": "Spell Casting",
      "Category": "Chanelling",
      "Stat": "sd",
      "DP_ALLOCATION": null,
      "Cost": 2,
      "#Ranks": 0,
      "RanksValue": -25,
      "StatValue": 19,
      "Talent": 0,
      "Special": null,
      "Total": -6,
      "Modified": -6
    },
    {
      "Title": "Spell Casting",
      "Category": "Emotions",
      "Stat": "sd",
      "DP_ALLOCATION": 20,
      "Cost": 2,
      "#Ranks": 10,
      "RanksValue": 50,
      "StatValue": 19,
      "Talent": 0,
      "Special": null,
      "Total": 69,
      "Modified": 69
    }
   ]